"117","tools.google.com","7.60"
"118","web.facebook.com","7.60"
"119","lh6.googleusercontent.com","7.59"
"120","goodreads.com","7.59"
"121","dailymail.co.uk","7.58"
"122","photos.google.com","7.58"
"123","usatoday.com","7.57"
"124","commons.wikimedia.org","7.57"
"125","buzzfeed.com","7.57"
"126","mail.google.com","7.57"
"127","etsy.com","7.56"
"128","developer.mozilla.org","7.55"
"129","researchgate.net","7.55"
"130","forms.gle","7.55"
"131","3.bp.blogspot.com","7.54"
"132","yahoo.com","7.53"
"133","evernote.com","7.53"
"134","amazon.fr","7.52"
"135","shutterstock.com","7.52"
"136","i2.wp.com","7.51"
"137","huffingtonpost.com","7.51"
"138","pbs.twimg.com","7.50"
"139","myaccount.google.com","7.50"
"140","paypal.me","7.50"
"141","fiverr.com","7.47"
"142","google.de","7.47"
"143","ftc.gov","7.47"
"144","gist.github.com","7.47"
"145","adwords.google.com","7.47"
"146","last.fm","7.47"
"147","guardian.co.uk","7.46"
"148","npr.org","7.46"
"149","w3schools.com","7.45"
"150","s-media-cache-ak0.pinimg.com","7.45"
"151","scribd.com","7.45"
"152","0.gravatar.com","7.44"
"153","time.com","7.44"
"154","cnbc.com","7.44"
"155","salesforce.com","7.44"
"156","cbsnews.com","7.43"
"157","weibo.com","7.42"
"158","mozilla.org","7.42"
"159","shopify.com","7.42"
"160","prweb.com","7.42"
"161","fonts.googleapis.com","10.00"
"2","facebook.com","10.00"
"3","twitter.com","10.00"
"4","youtube.com","10.00"
"5","google.com","10.00"
"6","s.w.org","10.00"
"7","instagram.com","10.00"
"8","googletagmanager.com","10.00"
"9","linkedin.com","10.00"
"10","ajax.googleapis.com","10.00"
"11","gmpg.org","10.00"
"12","plus.google.com","9.78"
"13","pinterest.com","9.52"
"14","wordpress.org","9.11"
"15","maps.google.com","9.04"
"16","en.wikipedia.org","8.92"
"17","goo.gl","8.84"
"18","youtu.be","8.82"
"19","play.google.com","8.82"
"20","support.google.com","8.81"
"21","amazon.com","8.71"
"22","itunes.apple.com","8.67"
"23","github.com","8.56"
"24","maps.googleapis.com","8.55"
"25","bit.ly","8.53"
"26","vimeo.com","8.50"
"27","docs.google.com","8.48"
"28","developers.google.com","8.45"
"29","drive.google.com","8.43"
"30","s3.amazonaws.com","8.41"
"31","fonts.gstatic.com","8.39"
"32","wordpress.com","8.39"
"33","cdnjs.cloudflare.com","8.37"
"34","creativecommons.org","8.34"
"35","reddit.com","8.33"
"36","google-analytics.com","8.28"
"37","medium.com","8.27"
"38","vk.com","8.26"
"39","lh3.googleusercontent.com","8.25"
"40","m.facebook.com","8.23"
"41","i.imgur.com","8.19"
"42","forbes.com","8.18"
"43","flickr.com","8.18"
"44","t.co","8.16"
"45","soundcloud.com","8.15"
"46","ec.europa.eu","8.13"
"47","nytimes.com","8.13"
"48","1.bp.blogspot.com","8.11"
"49","sites.google.com","8.10"
"50","code.jquery.com","8.10"
"51","wp.me","8.06"
"52","theguardian.com","8.03"
"53","paypal.com","8.02"
"54","microsoft.com","8.01"
"55","imdb.com","8.01"
"56","adobe.com","7.97"
"57","dropbox.com","7.97"
"58","apple.com","7.96"
"59","player.vimeo.com","7.96"
"60","eventbrite.com","7.95"
"61","blogger.com","7.93"
"62","i0.wp.com","7.93"
"63","stackoverflow.com","7.92"
"64","telegraph.co.uk","7.90"
"65","mashable.com","7.89"
"66","code.google.com","7.89"
"67","techcrunch.com","7.87"
"68","support.apple.com","7.87"
"69","tinyurl.com","7.86"
"70","apis.google.com","7.85"
"71","businessinsider.com","7.85"
"72","ncbi.nlm.nih.gov","7.84"
"73","yelp.com","7.83"
"74","cnn.com","7.83"
"75","support.microsoft.com","7.82"
"76","wired.com","7.82"
"77","maxcdn.bootstrapcdn.com","7.80"
"78","translate.google.com","7.78"
"79","slideshare.net","7.78"
"80","washingtonpost.com","7.77"
"81","behance.net","7.76"
"82","slate.com","7.75"
"83","meetup.com","7.75"
"84","amzn.to","7.74"
"85","chrome.google.com","7.74"
"86","t.me","7.73"
"87","issuu.com","7.73"
"88","wix.com","7.73"
"89","fb.com","7.73"
"90","amazon.de","7.72"
"91","policies.google.com","7.72"
"92","googleads.g.doubleclick.net","7.72"
"93","groups.google.com","7.72"
"94","about.me","7.72"
"95","books.google.com","7.72"
"96","messenger.com","7.71"
"97","open.spotify.com","7.71"
"98","apps.apple.com","7.71"
"99","upload.wikimedia.org","7.70"
"100","unsplash.com","7.70"
"101","accounts.google.com","7.68"
"102","google.co.uk","7.68"
"103","archive.org","7.67"
"104","cloud.google.com","7.67"
"105","quora.com","7.66"
"106","imgur.com","7.65"
"107","theatlantic.com","7.65"
"108","bbc.co.uk","7.65"
"109","bbc.com","7.64"
"110","w3.org","7.64"
"111","gstatic.com","7.64"
"112","surveymonkey.com","7.63"
"113","addons.mozilla.org","7.62"
"114","tripadvisor.com","7.62"
"115","deviantart.com"ooking.com","7.42"
"162","support.mozilla.org","7.41"
"163","cbc.ca","7.41"
"164","ibm.com","7.39"
"165","eepurl.com","7.39"
"166","arxiv.org","7.39"
"167","lifehacker.com","7.39"
"168","google.co.in","7.38"
"169","abcnews.go.com","7.38"
"170","independent.co.uk","7.37"
"171","upwork.com","7.37"
"172","fr.wikipedia.org","7.37"
"173","slack.com","7.37"
"1925","google-latlong.blogspot.com","6.14"
"1926","ualberta.ca","6.14"
"1927","hm.com","6.14"
"1928","planalto.gov.br","6.14"
"1929","profiles.google.com","6.14"
"1930","dji.com","6.14"
"1931","gigazine.net","6.14"
"1932","av-test.org","6.14"
"1933","research.ibm.com","6.14"
"1934","msi.com","6.14"
"1935","ubisoft.com","6.13"
"1936","ntrs.nasa.gov","6.13"
"1937","home.cern","6.13"
"1938","cra-arc.gc.ca","6.13"
"1939","army.mil","6.13"
"1940","getpaint.net","6.13"
"1941","support.bestwebsoft.com","6.13"
"1942","turbobit.net","6.13"
"1943","nxp.com","6.13"
"1944","untappd.com","6.13"
"1945","proofpoint.com","6.13"
"1946","phonearena.com","6.13"
"1947","winehq.org","6.13"
"1948","oculus.com","6.13"
"1949","thefederalist.com","6.13"
"1950","join-adf.ly","6.13"
"1951","feeds.soundcloud.com","6.13"
"1952","ourworldindata.org","6.13"
"1953","lci.fr","6.13"
"1954","bath.ac.uk","6.13"